user_id,start_time_iso,end_time_iso,model,api_key_name,api_key,type,price,amount
Wechat-8e63acca-c373-4e26-98eb-3c0cd4849fcc,2026-08-16T00:00:00+08:00,2026-08-17T00:00:00+08:00,deepseek-v4-flash,CC,sk-79f3f***********************8314,input_cache_hit_tokens,0.00000002,2228736
Wechat-8e63acca-c373-4e26-98eb-3c0cd4849fcc,2026-08-16T00:00:00+08:00,2026-08-17T00:00:00+08:00,deepseek-v4-flash,CC,sk-79f3f***********************8314,output_tokens,0.000002,40908
Wechat-8e63acca-c373-4e26-98eb-3c0cd4849fcc,2026-08-16T00:00:00+08:00,2026-08-17T00:00:00+08:00,deepseek-v4-flash,CC,sk-79f3f***********************8314,input_cache_miss_tokens,0.000001,49346
Wechat-8e63acca-c373-4e26-98eb-3c0cd4849fcc,2026-08-16T00:00:00+08:00,2026-08-17T00:00:00+08:00,deepseek-v4-flash,CC,sk-79f3f***********************8314,request_count,,42
Wechat-8e63acca-c373-4e26-98eb-3c0cd4849fcc,2026-08-17T00:00:00+08:00,2026-08-18T00:00:00+08:00,deepseek-v4-flash,DSH,sk-3e439***********************27cd,input_cache_miss_tokens,0.000003,231596
Wechat-8e63acca-c373-4e26-98eb-3c0cd4849fcc,2026-08-17T00:00:00+08:00,2026-08-18T00:00:00+08:00,deepseek-v4-flash,CC,sk-79f3f***********************8314,input_cache_miss_tokens,0.0000015,7379
Wechat-8e63acca-c373-4e26-98eb-3c0cd4849fcc,2026-08-17T00:00:00+08:00,2026-08-18T00:00:00+08:00,deepseek-v4-flash,DSH,sk-3e439***********************27cd,request_count,,493
Wechat-8e63acca-c373-4e26-98eb-3c0cd4849fcc,2026-08-17T00:00:00+08:00,2026-08-18T00:00:00+08:00,deepseek-v4-flash,DSH,sk-3e439***********************27cd,output_tokens,0.000009,169621
Wechat-8e63acca-c373-4e26-98eb-3c0cd4849fcc,2026-08-17T00:00:00+08:00,2026-08-18T00:00:00+08:00,deepseek-v4-flash,CC,sk-79f3f***********************8314,request_count,,10
Wechat-8e63acca-c373-4e26-98eb-3c0cd4849fcc,2026-08-17T00:00:00+08:00,2026-08-18T00:00:00+08:00,deepseek-v4-flash,CC,sk-79f3f***********************8314,input_cache_hit_tokens,0.00000005,887040
Wechat-8e63acca-c373-4e26-98eb-3c0cd4849fcc,2026-08-17T00:00:00+08:00,2026-08-18T00:00:00+08:00,deepseek-v4-flash,DSH,sk-3e439***********************27cd,input_cache_hit_tokens,0.00000005,39803776
Wechat-8e63acca-c373-4e26-98eb-3c0cd4849fcc,2026-08-17T00:00:00+08:00,2026-08-18T00:00:00+08:00,deepseek-v4-flash,DSH,sk-3e439***********************27cd,output_tokens,0.0000045,284279
Wechat-8e63acca-c373-4e26-98eb-3c0cd4849fcc,2026-08-17T00:00:00+08:00,2026-08-18T00:00:00+08:00,deepseek-v4-flash,CC,sk-79f3f***********************8314,output_tokens,0.0000045,9831
Wechat-8e63acca-c373-4e26-98eb-3c0cd4849fcc,2026-08-17T00:00:00+08:00,2026-08-18T00:00:00+08:00,deepseek-v4-flash,DSH,sk-3e439***********************27cd,input_cache_miss_tokens,0.0000015,876582
Wechat-8e63acca-c373-4e26-98eb-3c0cd4849fcc,2026-08-17T00:00:00+08:00,2026-08-18T00:00:00+08:00,deepseek-v4-flash,DSH,sk-3e439***********************27cd,input_cache_hit_tokens,0.0000001,14622720
Wechat-8e63acca-c373-4e26-98eb-3c0cd4849fcc,2026-08-18T00:00:00+08:00,2026-08-19T00:00:00+08:00,deepseek-v4-pro,DSH,sk-3e439***********************27cd,output_tokens,0.000027,61582
Wechat-8e63acca-c373-4e26-98eb-3c0cd4849fcc,2026-08-18T00:00:00+08:00,2026-08-19T00:00:00+08:00,deepseek-v4-pro,DSH,sk-3e439***********************27cd,output_tokens,0.0000135,221297
Wechat-8e63acca-c373-4e26-98eb-3c0cd4849fcc,2026-08-18T00:00:00+08:00,2026-08-19T00:00:00+08:00,deepseek-v4-pro,DSH,sk-3e439***********************27cd,input_cache_hit_tokens,0.0000003,16988288
Wechat-8e63acca-c373-4e26-98eb-3c0cd4849fcc,2026-08-18T00:00:00+08:00,2026-08-19T00:00:00+08:00,deepseek-v4-pro,DSH,sk-3e439***********************27cd,input_cache_miss_tokens,0.0000045,93189
Wechat-8e63acca-c373-4e26-98eb-3c0cd4849fcc,2026-08-18T00:00:00+08:00,2026-08-19T00:00:00+08:00,deepseek-v4-pro,DSH,sk-3e439***********************27cd,request_count,,281
Wechat-8e63acca-c373-4e26-98eb-3c0cd4849fcc,2026-08-18T00:00:00+08:00,2026-08-19T00:00:00+08:00,deepseek-v4-pro,DSH,sk-3e439***********************27cd,input_cache_miss_tokens,0.000009,16334
Wechat-8e63acca-c373-4e26-98eb-3c0cd4849fcc,2026-08-18T00:00:00+08:00,2026-08-19T00:00:00+08:00,deepseek-v4-pro,DSH,sk-3e439***********************27cd,input_cache_hit_tokens,0.00000015,36225920
Wechat-8e63acca-c373-4e26-98eb-3c0cd4849fcc,2026-08-18T00:00:00+08:00,2026-08-19T00:00:00+08:00,deepseek-v4-flash,DSH,sk-3e439***********************27cd,output_tokens,0.000009,87175
Wechat-8e63acca-c373-4e26-98eb-3c0cd4849fcc,2026-08-18T00:00:00+08:00,2026-08-19T00:00:00+08:00,deepseek-v4-flash,DSH,sk-3e439***********************27cd,input_cache_hit_tokens,0.00000005,9900800
Wechat-8e63acca-c373-4e26-98eb-3c0cd4849fcc,2026-08-18T00:00:00+08:00,2026-08-19T00:00:00+08:00,deepseek-v4-flash,DSH,sk-3e439***********************27cd,input_cache_miss_tokens,0.0000015,177478
Wechat-8e63acca-c373-4e26-98eb-3c0cd4849fcc,2026-08-18T00:00:00+08:00,2026-08-19T00:00:00+08:00,deepseek-v4-flash,DSH,sk-3e439***********************27cd,request_count,,246
Wechat-8e63acca-c373-4e26-98eb-3c0cd4849fcc,2026-08-18T00:00:00+08:00,2026-08-19T00:00:00+08:00,deepseek-v4-flash,DSH,sk-3e439***********************27cd,input_cache_hit_tokens,0.0000001,61921280
Wechat-8e63acca-c373-4e26-98eb-3c0cd4849fcc,2026-08-18T00:00:00+08:00,2026-08-19T00:00:00+08:00,deepseek-v4-flash,DSH,sk-3e439***********************27cd,output_tokens,0.0000045,101483
Wechat-8e63acca-c373-4e26-98eb-3c0cd4849fcc,2026-08-18T00:00:00+08:00,2026-08-19T00:00:00+08:00,deepseek-v4-flash,DSH,sk-3e439***********************27cd,input_cache_miss_tokens,0.000003,405742
Wechat-8e63acca-c373-4e26-98eb-3c0cd4849fcc,2026-08-19T00:00:00+08:00,2026-08-20T00:00:00+08:00,deepseek-v4-flash,DSH,sk-3e439***********************27cd,request_count,,71
Wechat-8e63acca-c373-4e26-98eb-3c0cd4849fcc,2026-08-19T00:00:00+08:00,2026-08-20T00:00:00+08:00,deepseek-v4-flash,DSH,sk-3e439***********************27cd,output_tokens,0.0000045,41769
Wechat-8e63acca-c373-4e26-98eb-3c0cd4849fcc,2026-08-19T00:00:00+08:00,2026-08-20T00:00:00+08:00,deepseek-v4-flash,DSH,sk-3e439***********************27cd,input_cache_miss_tokens,0.0000015,55963
Wechat-8e63acca-c373-4e26-98eb-3c0cd4849fcc,2026-08-19T00:00:00+08:00,2026-08-20T00:00:00+08:00,deepseek-v4-flash,DSH,sk-3e439***********************27cd,input_cache_hit_tokens,0.00000005,3107072
Wechat-8e63acca-c373-4e26-98eb-3c0cd4849fcc,2026-08-21T00:00:00+08:00,2026-08-22T00:00:00+08:00,deepseek-v4-flash,DSH,sk-3e439***********************27cd,input_cache_hit_tokens,0.00000005,110592
Wechat-8e63acca-c373-4e26-98eb-3c0cd4849fcc,2026-08-21T00:00:00+08:00,2026-08-22T00:00:00+08:00,deepseek-v4-flash,DSH,sk-3e439***********************27cd,request_count,,10
Wechat-8e63acca-c373-4e26-98eb-3c0cd4849fcc,2026-08-21T00:00:00+08:00,2026-08-22T00:00:00+08:00,deepseek-v4-flash,DSH,sk-3e439***********************27cd,output_tokens,0.0000045,5498
Wechat-8e63acca-c373-4e26-98eb-3c0cd4849fcc,2026-08-21T00:00:00+08:00,2026-08-22T00:00:00+08:00,deepseek-v4-flash,DSH,sk-3e439***********************27cd,output_tokens,0.000009,700
Wechat-8e63acca-c373-4e26-98eb-3c0cd4849fcc,2026-08-21T00:00:00+08:00,2026-08-22T00:00:00+08:00,deepseek-v4-flash,DSH,sk-3e439***********************27cd,input_cache_miss_tokens,0.0000015,3173
Wechat-8e63acca-c373-4e26-98eb-3c0cd4849fcc,2026-08-21T00:00:00+08:00,2026-08-22T00:00:00+08:00,deepseek-v4-flash,DSH,sk-3e439***********************27cd,input_cache_hit_tokens,0.0000001,256
Wechat-8e63acca-c373-4e26-98eb-3c0cd4849fcc,2026-08-21T00:00:00+08:00,2026-08-22T00:00:00+08:00,deepseek-v4-flash,DSH,sk-3e439***********************27cd,input_cache_miss_tokens,0.000003,10797
Wechat-8e63acca-c373-4e26-98eb-3c0cd4849fcc,2026-08-22T00:00:00+08:00,2026-08-23T00:00:00+08:00,deepseek-v4-flash-vision-exp,DSH,sk-9267e***********************5047,input_cache_hit_tokens,0.00000005,1129856
Wechat-8e63acca-c373-4e26-98eb-3c0cd4849fcc,2026-08-22T00:00:00+08:00,2026-08-23T00:00:00+08:00,deepseek-v4-flash-vision-exp,DSH,sk-9267e***********************5047,request_count,,34
Wechat-8e63acca-c373-4e26-98eb-3c0cd4849fcc,2026-08-22T00:00:00+08:00,2026-08-23T00:00:00+08:00,deepseek-v4-flash-vision-exp,DSH,sk-9267e***********************5047,input_cache_miss_tokens,0.0000015,53220
Wechat-8e63acca-c373-4e26-98eb-3c0cd4849fcc,2026-08-22T00:00:00+08:00,2026-08-23T00:00:00+08:00,deepseek-v4-flash-vision-exp,DSH,sk-9267e***********************5047,output_tokens,0.0000045,64203
Wechat-8e63acca-c373-4e26-98eb-3c0cd4849fcc,2026-08-22T00:00:00+08:00,2026-08-23T00:00:00+08:00,deepseek-v4-flash,DSH,sk-9267e***********************5047,input_cache_hit_tokens,0.00000005,17332096
Wechat-8e63acca-c373-4e26-98eb-3c0cd4849fcc,2026-08-22T00:00:00+08:00,2026-08-23T00:00:00+08:00,deepseek-v4-flash,DSH,sk-9267e***********************5047,request_count,,204
Wechat-8e63acca-c373-4e26-98eb-3c0cd4849fcc,2026-08-22T00:00:00+08:00,2026-08-23T00:00:00+08:00,deepseek-v4-flash,DSH,sk-9267e***********************5047,input_cache_miss_tokens,0.0000015,594847
Wechat-8e63acca-c373-4e26-98eb-3c0cd4849fcc,2026-08-22T00:00:00+08:00,2026-08-23T00:00:00+08:00,deepseek-v4-flash,DSH,sk-9267e***********************5047,output_tokens,0.0000045,230773
Wechat-8e63acca-c373-4e26-98eb-3c0cd4849fcc,2026-08-23T00:00:00+08:00,2026-08-24T00:00:00+08:00,deepseek-v4-flash,DSH,sk-9267e***********************5047,input_cache_hit_tokens,0.00000005,5444224
Wechat-8e63acca-c373-4e26-98eb-3c0cd4849fcc,2026-08-23T00:00:00+08:00,2026-08-24T00:00:00+08:00,deepseek-v4-flash,DSH,sk-9267e***********************5047,output_tokens,0.0000045,25682
Wechat-8e63acca-c373-4e26-98eb-3c0cd4849fcc,2026-08-23T00:00:00+08:00,2026-08-24T00:00:00+08:00,deepseek-v4-flash,DSH,sk-9267e***********************5047,request_count,,29
Wechat-8e63acca-c373-4e26-98eb-3c0cd4849fcc,2026-08-23T00:00:00+08:00,2026-08-24T00:00:00+08:00,deepseek-v4-flash,DSH,sk-9267e***********************5047,input_cache_miss_tokens,0.0000015,16486
Wechat-8e63acca-c373-4e26-98eb-3c0cd4849fcc,2026-08-24T00:00:00+08:00,2026-08-25T00:00:00+08:00,deepseek-v4-flash-vision-exp,DSH,sk-9267e***********************5047,output_tokens,0.000009,455534
Wechat-8e63acca-c373-4e26-98eb-3c0cd4849fcc,2026-08-24T00:00:00+08:00,2026-08-25T00:00:00+08:00,deepseek-v4-flash-vision-exp,DSH,sk-9267e***********************5047,output_tokens,0.0000045,205819
Wechat-8e63acca-c373-4e26-98eb-3c0cd4849fcc,2026-08-24T00:00:00+08:00,2026-08-25T00:00:00+08:00,deepseek-v4-flash-vision-exp,DSH,sk-9267e***********************5047,input_cache_hit_tokens,0.00000005,51623424
Wechat-8e63acca-c373-4e26-98eb-3c0cd4849fcc,2026-08-24T00:00:00+08:00,2026-08-25T00:00:00+08:00,deepseek-v4-flash-vision-exp,DSH,sk-9267e***********************5047,request_count,,589
Wechat-8e63acca-c373-4e26-98eb-3c0cd4849fcc,2026-08-24T00:00:00+08:00,2026-08-25T00:00:00+08:00,deepseek-v4-flash-vision-exp,DSH,sk-9267e***********************5047,input_cache_miss_tokens,0.000003,745070
Wechat-8e63acca-c373-4e26-98eb-3c0cd4849fcc,2026-08-24T00:00:00+08:00,2026-08-25T00:00:00+08:00,deepseek-v4-flash-vision-exp,DSH,sk-9267e***********************5047,input_cache_hit_tokens,0.0000001,64160512
Wechat-8e63acca-c373-4e26-98eb-3c0cd4849fcc,2026-08-24T00:00:00+08:00,2026-08-25T00:00:00+08:00,deepseek-v4-flash-vision-exp,DSH,sk-9267e***********************5047,input_cache_miss_tokens,0.0000015,1162833
Wechat-8e63acca-c373-4e26-98eb-3c0cd4849fcc,2026-08-24T00:00:00+08:00,2026-08-25T00:00:00+08:00,deepseek-v4-pro,DSH,sk-9267e***********************5047,input_cache_miss_tokens,0.0000045,108814
Wechat-8e63acca-c373-4e26-98eb-3c0cd4849fcc,2026-08-24T00:00:00+08:00,2026-08-25T00:00:00+08:00,deepseek-v4-pro,DSH,sk-9267e***********************5047,input_cache_hit_tokens,0.00000015,5921280
Wechat-8e63acca-c373-4e26-98eb-3c0cd4849fcc,2026-08-24T00:00:00+08:00,2026-08-25T00:00:00+08:00,deepseek-v4-pro,OLED模拟器,sk-fe070***********************523d,output_tokens,0.000027,4330
Wechat-8e63acca-c373-4e26-98eb-3c0cd4849fcc,2026-08-24T00:00:00+08:00,2026-08-25T00:00:00+08:00,deepseek-v4-pro,OLED模拟器,sk-fe070***********************523d,input_cache_miss_tokens,0.000009,943
Wechat-8e63acca-c373-4e26-98eb-3c0cd4849fcc,2026-08-24T00:00:00+08:00,2026-08-25T00:00:00+08:00,deepseek-v4-pro,OLED模拟器,sk-fe070***********************523d,request_count,,4
Wechat-8e63acca-c373-4e26-98eb-3c0cd4849fcc,2026-08-24T00:00:00+08:00,2026-08-25T00:00:00+08:00,deepseek-v4-pro,DSH,sk-9267e***********************5047,output_tokens,0.0000135,44745
Wechat-8e63acca-c373-4e26-98eb-3c0cd4849fcc,2026-08-24T00:00:00+08:00,2026-08-25T00:00:00+08:00,deepseek-v4-pro,DSH,sk-9267e***********************5047,request_count,,68
Wechat-8e63acca-c373-4e26-98eb-3c0cd4849fcc,2026-08-24T00:00:00+08:00,2026-08-25T00:00:00+08:00,deepseek-v4-flash,DSH,sk-9267e***********************5047,input_cache_miss_tokens,0.0000015,1039373
Wechat-8e63acca-c373-4e26-98eb-3c0cd4849fcc,2026-08-24T00:00:00+08:00,2026-08-25T00:00:00+08:00,deepseek-v4-flash,OLED模拟器,sk-fe070***********************523d,input_cache_miss_tokens,0.0000015,222
Wechat-8e63acca-c373-4e26-98eb-3c0cd4849fcc,2026-08-24T00:00:00+08:00,2026-08-25T00:00:00+08:00,deepseek-v4-flash,DSH,sk-9267e***********************5047,input_cache_hit_tokens,0.00000005,33805440
Wechat-8e63acca-c373-4e26-98eb-3c0cd4849fcc,2026-08-24T00:00:00+08:00,2026-08-25T00:00:00+08:00,deepseek-v4-flash,OLED模拟器,sk-fe070***********************523d,output_tokens,0.000009,15690
Wechat-8e63acca-c373-4e26-98eb-3c0cd4849fcc,2026-08-24T00:00:00+08:00,2026-08-25T00:00:00+08:00,deepseek-v4-flash,OLED模拟器,sk-fe070***********************523d,request_count,,22
Wechat-8e63acca-c373-4e26-98eb-3c0cd4849fcc,2026-08-24T00:00:00+08:00,2026-08-25T00:00:00+08:00,deepseek-v4-flash,DSH,sk-9267e***********************5047,input_cache_miss_tokens,0.000003,13348
Wechat-8e63acca-c373-4e26-98eb-3c0cd4849fcc,2026-08-24T00:00:00+08:00,2026-08-25T00:00:00+08:00,deepseek-v4-flash,OLED模拟器,sk-fe070***********************523d,output_tokens,0.0000045,865
Wechat-8e63acca-c373-4e26-98eb-3c0cd4849fcc,2026-08-24T00:00:00+08:00,2026-08-25T00:00:00+08:00,deepseek-v4-flash,OLED模拟器,sk-fe070***********************523d,input_cache_miss_tokens,0.000003,4744
Wechat-8e63acca-c373-4e26-98eb-3c0cd4849fcc,2026-08-24T00:00:00+08:00,2026-08-25T00:00:00+08:00,deepseek-v4-flash,DSH,sk-9267e***********************5047,output_tokens,0.0000045,227944
Wechat-8e63acca-c373-4e26-98eb-3c0cd4849fcc,2026-08-24T00:00:00+08:00,2026-08-25T00:00:00+08:00,deepseek-v4-flash,OLED模拟器,sk-fe070***********************523d,input_cache_hit_tokens,0.0000001,1664
Wechat-8e63acca-c373-4e26-98eb-3c0cd4849fcc,2026-08-24T00:00:00+08:00,2026-08-25T00:00:00+08:00,deepseek-v4-flash,DSH,sk-9267e***********************5047,request_count,,491
Wechat-8e63acca-c373-4e26-98eb-3c0cd4849fcc,2026-08-24T00:00:00+08:00,2026-08-25T00:00:00+08:00,deepseek-v4-flash,OLED模拟器,sk-fe070***********************523d,input_cache_hit_tokens,0.00000005,1024
Wechat-8e63acca-c373-4e26-98eb-3c0cd4849fcc,2026-08-24T00:00:00+08:00,2026-08-25T00:00:00+08:00,deepseek-v4-flash,DSH,sk-9267e***********************5047,output_tokens,0.000009,9532
Wechat-8e63acca-c373-4e26-98eb-3c0cd4849fcc,2026-08-24T00:00:00+08:00,2026-08-25T00:00:00+08:00,deepseek-v4-flash,DSH,sk-9267e***********************5047,input_cache_hit_tokens,0.0000001,417408
Wechat-8e63acca-c373-4e26-98eb-3c0cd4849fcc,2026-08-25T00:00:00+08:00,2026-08-26T00:00:00+08:00,deepseek-v4-flash-vision-exp,DSH,sk-9267e***********************5047,input_cache_miss_tokens,0.000003,99180
Wechat-8e63acca-c373-4e26-98eb-3c0cd4849fcc,2026-08-25T00:00:00+08:00,2026-08-26T00:00:00+08:00,deepseek-v4-flash-vision-exp,DSH,sk-9267e***********************5047,input_cache_hit_tokens,0.0000001,35343104
Wechat-8e63acca-c373-4e26-98eb-3c0cd4849fcc,2026-08-25T00:00:00+08:00,2026-08-26T00:00:00+08:00,deepseek-v4-flash-vision-exp,DSH,sk-9267e***********************5047,request_count,,216
Wechat-8e63acca-c373-4e26-98eb-3c0cd4849fcc,2026-08-25T00:00:00+08:00,2026-08-26T00:00:00+08:00,deepseek-v4-flash-vision-exp,DSH,sk-9267e***********************5047,input_cache_hit_tokens,0.00000005,35223296
Wechat-8e63acca-c373-4e26-98eb-3c0cd4849fcc,2026-08-25T00:00:00+08:00,2026-08-26T00:00:00+08:00,deepseek-v4-flash-vision-exp,DSH,sk-9267e***********************5047,input_cache_miss_tokens,0.0000015,1079414
Wechat-8e63acca-c373-4e26-98eb-3c0cd4849fcc,2026-08-25T00:00:00+08:00,2026-08-26T00:00:00+08:00,deepseek-v4-flash-vision-exp,DSH,sk-9267e***********************5047,output_tokens,0.0000045,111579
Wechat-8e63acca-c373-4e26-98eb-3c0cd4849fcc,2026-08-25T00:00:00+08:00,2026-08-26T00:00:00+08:00,deepseek-v4-flash-vision-exp,DSH,sk-9267e***********************5047,output_tokens,0.000009,101029
Wechat-8e63acca-c373-4e26-98eb-3c0cd4849fcc,2026-08-25T00:00:00+08:00,2026-08-26T00:00:00+08:00,deepseek-v4-pro,DSH,sk-9267e***********************5047,input_cache_hit_tokens,0.00000015,89752704
Wechat-8e63acca-c373-4e26-98eb-3c0cd4849fcc,2026-08-25T00:00:00+08:00,2026-08-26T00:00:00+08:00,deepseek-v4-pro,DSH,sk-9267e***********************5047,output_tokens,0.0000135,390034
Wechat-8e63acca-c373-4e26-98eb-3c0cd4849fcc,2026-08-25T00:00:00+08:00,2026-08-26T00:00:00+08:00,deepseek-v4-pro,DSH,sk-9267e***********************5047,input_cache_miss_tokens,0.0000045,168719
Wechat-8e63acca-c373-4e26-98eb-3c0cd4849fcc,2026-08-25T00:00:00+08:00,2026-08-26T00:00:00+08:00,deepseek-v4-pro,DSH,sk-9267e***********************5047,request_count,,286
Wechat-8e63acca-c373-4e26-98eb-3c0cd4849fcc,2026-08-25T00:00:00+08:00,2026-08-26T00:00:00+08:00,deepseek-v4-flash,Ubuntu DSH,sk-a801e***********************880a,input_cache_hit_tokens,0.00000005,315648
Wechat-8e63acca-c373-4e26-98eb-3c0cd4849fcc,2026-08-25T00:00:00+08:00,2026-08-26T00:00:00+08:00,deepseek-v4-flash,Ubuntu DSH,sk-a801e***********************880a,output_tokens,0.0000045,8012
Wechat-8e63acca-c373-4e26-98eb-3c0cd4849fcc,2026-08-25T00:00:00+08:00,2026-08-26T00:00:00+08:00,deepseek-v4-flash,DSH,sk-9267e***********************5047,input_cache_hit_tokens,0.00000005,5575296
Wechat-8e63acca-c373-4e26-98eb-3c0cd4849fcc,2026-08-25T00:00:00+08:00,2026-08-26T00:00:00+08:00,deepseek-v4-flash,DSH,sk-9267e***********************5047,request_count,,104
Wechat-8e63acca-c373-4e26-98eb-3c0cd4849fcc,2026-08-25T00:00:00+08:00,2026-08-26T00:00:00+08:00,deepseek-v4-flash,DSH,sk-9267e***********************5047,output_tokens,0.0000045,55139
Wechat-8e63acca-c373-4e26-98eb-3c0cd4849fcc,2026-08-25T00:00:00+08:00,2026-08-26T00:00:00+08:00,deepseek-v4-flash,Ubuntu DSH,sk-a801e***********************880a,input_cache_miss_tokens,0.0000015,35482
Wechat-8e63acca-c373-4e26-98eb-3c0cd4849fcc,2026-08-25T00:00:00+08:00,2026-08-26T00:00:00+08:00,deepseek-v4-flash,Ubuntu DSH,sk-a801e***********************880a,request_count,,24
Wechat-8e63acca-c373-4e26-98eb-3c0cd4849fcc,2026-08-25T00:00:00+08:00,2026-08-26T00:00:00+08:00,deepseek-v4-flash,DSH,sk-9267e***********************5047,input_cache_miss_tokens,0.0000015,224258
Wechat-8e63acca-c373-4e26-98eb-3c0cd4849fcc,2026-08-26T00:00:00+08:00,2026-08-27T00:00:00+08:00,deepseek-v4-flash,UCCW,sk-228bf***********************900a,request_count,,8
Wechat-8e63acca-c373-4e26-98eb-3c0cd4849fcc,2026-08-26T00:00:00+08:00,2026-08-27T00:00:00+08:00,deepseek-v4-flash,UDSH,sk-e85e5***********************5366,input_cache_miss_tokens,0.000003,124319
Wechat-8e63acca-c373-4e26-98eb-3c0cd4849fcc,2026-08-26T00:00:00+08:00,2026-08-27T00:00:00+08:00,deepseek-v4-flash,UCCW,sk-228bf***********************900a,output_tokens,0.000009,4136
Wechat-8e63acca-c373-4e26-98eb-3c0cd4849fcc,2026-08-26T00:00:00+08:00,2026-08-27T00:00:00+08:00,deepseek-v4-flash,UDSH,sk-e85e5***********************5366,request_count,,449
Wechat-8e63acca-c373-4e26-98eb-3c0cd4849fcc,2026-08-26T00:00:00+08:00,2026-08-27T00:00:00+08:00,deepseek-v4-flash,UCCW,sk-228bf***********************900a,input_cache_miss_tokens,0.000003,27127
Wechat-8e63acca-c373-4e26-98eb-3c0cd4849fcc,2026-08-26T00:00:00+08:00,2026-08-27T00:00:00+08:00,deepseek-v4-flash,UDSH,sk-e85e5***********************5366,input_cache_hit_tokens,0.00000005,6436352
Wechat-8e63acca-c373-4e26-98eb-3c0cd4849fcc,2026-08-26T00:00:00+08:00,2026-08-27T00:00:00+08:00,deepseek-v4-flash,UCCW,sk-228bf***********************900a,input_cache_hit_tokens,0.0000001,133120
Wechat-8e63acca-c373-4e26-98eb-3c0cd4849fcc,2026-08-26T00:00:00+08:00,2026-08-27T00:00:00+08:00,deepseek-v4-flash,UDSH,sk-e85e5***********************5366,output_tokens,0.000009,163171
Wechat-8e63acca-c373-4e26-98eb-3c0cd4849fcc,2026-08-26T00:00:00+08:00,2026-08-27T00:00:00+08:00,deepseek-v4-flash,UDSH,sk-e85e5***********************5366,input_cache_hit_tokens,0.0000001,39669760
Wechat-8e63acca-c373-4e26-98eb-3c0cd4849fcc,2026-08-26T00:00:00+08:00,2026-08-27T00:00:00+08:00,deepseek-v4-flash,UDSH,sk-e85e5***********************5366,output_tokens,0.0000045,92547
Wechat-8e63acca-c373-4e26-98eb-3c0cd4849fcc,2026-08-26T00:00:00+08:00,2026-08-27T00:00:00+08:00,deepseek-v4-flash,UDSH,sk-e85e5***********************5366,input_cache_miss_tokens,0.0000015,74220
Wechat-8e63acca-c373-4e26-98eb-3c0cd4849fcc,2026-08-27T00:00:00+08:00,2026-08-28T00:00:00+08:00,deepseek-v4-flash,UDSH,sk-e85e5***********************5366,input_cache_miss_tokens,0.000003,34583
Wechat-8e63acca-c373-4e26-98eb-3c0cd4849fcc,2026-08-27T00:00:00+08:00,2026-08-28T00:00:00+08:00,deepseek-v4-flash,UDSH,sk-e85e5***********************5366,input_cache_hit_tokens,0.00000005,245760
Wechat-8e63acca-c373-4e26-98eb-3c0cd4849fcc,2026-08-27T00:00:00+08:00,2026-08-28T00:00:00+08:00,deepseek-v4-flash,UDSH,sk-e85e5***********************5366,output_tokens,0.000009,6147
Wechat-8e63acca-c373-4e26-98eb-3c0cd4849fcc,2026-08-27T00:00:00+08:00,2026-08-28T00:00:00+08:00,deepseek-v4-flash,UDSH,sk-e85e5***********************5366,input_cache_hit_tokens,0.0000001,19456
Wechat-8e63acca-c373-4e26-98eb-3c0cd4849fcc,2026-08-27T00:00:00+08:00,2026-08-28T00:00:00+08:00,deepseek-v4-flash,UDSH,sk-e85e5***********************5366,input_cache_miss_tokens,0.0000015,365880
Wechat-8e63acca-c373-4e26-98eb-3c0cd4849fcc,2026-08-27T00:00:00+08:00,2026-08-28T00:00:00+08:00,deepseek-v4-flash,UDSH,sk-e85e5***********************5366,request_count,,58
Wechat-8e63acca-c373-4e26-98eb-3c0cd4849fcc,2026-08-27T00:00:00+08:00,2026-08-28T00:00:00+08:00,deepseek-v4-flash,UDSH,sk-e85e5***********************5366,output_tokens,0.0000045,58250
Wechat-8e63acca-c373-4e26-98eb-3c0cd4849fcc,2026-09-03T00:00:00+08:00,2026-09-04T00:00:00+08:00,deepseek-v4-pro,UDSH,sk-e85e5***********************5366,output_tokens,0.000027,190282
Wechat-8e63acca-c373-4e26-98eb-3c0cd4849fcc,2026-09-03T00:00:00+08:00,2026-09-04T00:00:00+08:00,deepseek-v4-pro,UDSH,sk-e85e5***********************5366,input_cache_hit_tokens,0.00000015,110625152
Wechat-8e63acca-c373-4e26-98eb-3c0cd4849fcc,2026-09-03T00:00:00+08:00,2026-09-04T00:00:00+08:00,deepseek-v4-pro,UDSH,sk-e85e5***********************5366,request_count,,614
Wechat-8e63acca-c373-4e26-98eb-3c0cd4849fcc,2026-09-03T00:00:00+08:00,2026-09-04T00:00:00+08:00,deepseek-v4-pro,UDSH,sk-e85e5***********************5366,input_cache_miss_tokens,0.000009,113245
Wechat-8e63acca-c373-4e26-98eb-3c0cd4849fcc,2026-09-03T00:00:00+08:00,2026-09-04T00:00:00+08:00,deepseek-v4-pro,UDSH,sk-e85e5***********************5366,input_cache_miss_tokens,0.0000045,816724
Wechat-8e63acca-c373-4e26-98eb-3c0cd4849fcc,2026-09-03T00:00:00+08:00,2026-09-04T00:00:00+08:00,deepseek-v4-pro,UDSH,sk-e85e5***********************5366,output_tokens,0.0000135,421840
Wechat-8e63acca-c373-4e26-98eb-3c0cd4849fcc,2026-09-03T00:00:00+08:00,2026-09-04T00:00:00+08:00,deepseek-v4-pro,UDSH,sk-e85e5***********************5366,input_cache_hit_tokens,0.0000003,73258240
Wechat-8e63acca-c373-4e26-98eb-3c0cd4849fcc,2026-09-03T00:00:00+08:00,2026-09-04T00:00:00+08:00,deepseek-v4-flash,OC,sk-6de5b***********************2b57,output_tokens,0.0000045,1379
Wechat-8e63acca-c373-4e26-98eb-3c0cd4849fcc,2026-09-03T00:00:00+08:00,2026-09-04T00:00:00+08:00,deepseek-v4-flash,OC,sk-6de5b***********************2b57,output_tokens,0.000009,458
Wechat-8e63acca-c373-4e26-98eb-3c0cd4849fcc,2026-09-03T00:00:00+08:00,2026-09-04T00:00:00+08:00,deepseek-v4-flash,OC,sk-6de5b***********************2b57,request_count,,7
Wechat-8e63acca-c373-4e26-98eb-3c0cd4849fcc,2026-09-03T00:00:00+08:00,2026-09-04T00:00:00+08:00,deepseek-v4-flash,OC,sk-6de5b***********************2b57,input_cache_miss_tokens,0.0000015,3238
Wechat-8e63acca-c373-4e26-98eb-3c0cd4849fcc,2026-09-03T00:00:00+08:00,2026-09-04T00:00:00+08:00,deepseek-v4-flash,UDSH,sk-e85e5***********************5366,output_tokens,0.000009,235897
Wechat-8e63acca-c373-4e26-98eb-3c0cd4849fcc,2026-09-03T00:00:00+08:00,2026-09-04T00:00:00+08:00,deepseek-v4-flash,UDSH,sk-e85e5***********************5366,input_cache_miss_tokens,0.000003,904655
Wechat-8e63acca-c373-4e26-98eb-3c0cd4849fcc,2026-09-03T00:00:00+08:00,2026-09-04T00:00:00+08:00,deepseek-v4-flash,OC,sk-6de5b***********************2b57,input_cache_miss_tokens,0.000003,27
Wechat-8e63acca-c373-4e26-98eb-3c0cd4849fcc,2026-09-03T00:00:00+08:00,2026-09-04T00:00:00+08:00,deepseek-v4-flash,OC,sk-6de5b***********************2b57,input_cache_hit_tokens,0.0000001,1536
Wechat-8e63acca-c373-4e26-98eb-3c0cd4849fcc,2026-09-03T00:00:00+08:00,2026-09-04T00:00:00+08:00,deepseek-v4-flash,UDSH,sk-e85e5***********************5366,input_cache_hit_tokens,0.0000001,122609664
Wechat-8e63acca-c373-4e26-98eb-3c0cd4849fcc,2026-09-03T00:00:00+08:00,2026-09-04T00:00:00+08:00,deepseek-v4-flash,UDSH,sk-e85e5***********************5366,output_tokens,0.0000045,340506
Wechat-8e63acca-c373-4e26-98eb-3c0cd4849fcc,2026-09-03T00:00:00+08:00,2026-09-04T00:00:00+08:00,deepseek-v4-flash,UDSH,sk-e85e5***********************5366,input_cache_miss_tokens,0.0000015,228050
Wechat-8e63acca-c373-4e26-98eb-3c0cd4849fcc,2026-09-03T00:00:00+08:00,2026-09-04T00:00:00+08:00,deepseek-v4-flash,UDSH,sk-e85e5***********************5366,input_cache_hit_tokens,0.00000005,138358656
Wechat-8e63acca-c373-4e26-98eb-3c0cd4849fcc,2026-09-03T00:00:00+08:00,2026-09-04T00:00:00+08:00,deepseek-v4-flash,OC,sk-6de5b***********************2b57,input_cache_hit_tokens,0.00000005,6144
Wechat-8e63acca-c373-4e26-98eb-3c0cd4849fcc,2026-09-03T00:00:00+08:00,2026-09-04T00:00:00+08:00,deepseek-v4-flash,UDSH,sk-e85e5***********************5366,request_count,,813
Wechat-8e63acca-c373-4e26-98eb-3c0cd4849fcc,2026-09-04T00:00:00+08:00,2026-09-05T00:00:00+08:00,deepseek-v4-pro,UDSH,sk-e85e5***********************5366,input_cache_miss_tokens,0.0000045,148183
Wechat-8e63acca-c373-4e26-98eb-3c0cd4849fcc,2026-09-04T00:00:00+08:00,2026-09-05T00:00:00+08:00,deepseek-v4-pro,UDSH,sk-e85e5***********************5366,output_tokens,0.0000135,218419
Wechat-8e63acca-c373-4e26-98eb-3c0cd4849fcc,2026-09-04T00:00:00+08:00,2026-09-05T00:00:00+08:00,deepseek-v4-pro,UDSH,sk-e85e5***********************5366,input_cache_hit_tokens,0.0000003,10488960
Wechat-8e63acca-c373-4e26-98eb-3c0cd4849fcc,2026-09-04T00:00:00+08:00,2026-09-05T00:00:00+08:00,deepseek-v4-pro,UDSH,sk-e85e5***********************5366,input_cache_miss_tokens,0.000009,312484
Wechat-8e63acca-c373-4e26-98eb-3c0cd4849fcc,2026-09-04T00:00:00+08:00,2026-09-05T00:00:00+08:00,deepseek-v4-pro,UDSH,sk-e85e5***********************5366,output_tokens,0.000027,16785
Wechat-8e63acca-c373-4e26-98eb-3c0cd4849fcc,2026-09-04T00:00:00+08:00,2026-09-05T00:00:00+08:00,deepseek-v4-pro,UDSH,sk-e85e5***********************5366,input_cache_hit_tokens,0.00000015,54019712
Wechat-8e63acca-c373-4e26-98eb-3c0cd4849fcc,2026-09-04T00:00:00+08:00,2026-09-05T00:00:00+08:00,deepseek-v4-pro,UDSH,sk-e85e5***********************5366,request_count,,278
Wechat-8e63acca-c373-4e26-98eb-3c0cd4849fcc,2026-09-04T00:00:00+08:00,2026-09-05T00:00:00+08:00,deepseek-v4-flash,UDSH,sk-e85e5***********************5366,output_tokens,0.0000045,144152
Wechat-8e63acca-c373-4e26-98eb-3c0cd4849fcc,2026-09-04T00:00:00+08:00,2026-09-05T00:00:00+08:00,deepseek-v4-flash,UDSH,sk-e85e5***********************5366,input_cache_hit_tokens,0.00000005,42390784
Wechat-8e63acca-c373-4e26-98eb-3c0cd4849fcc,2026-09-04T00:00:00+08:00,2026-09-05T00:00:00+08:00,deepseek-v4-flash,UDSH,sk-e85e5***********************5366,input_cache_miss_tokens,0.0000015,438795
Wechat-8e63acca-c373-4e26-98eb-3c0cd4849fcc,2026-09-04T00:00:00+08:00,2026-09-05T00:00:00+08:00,deepseek-v4-flash,UDSH,sk-e85e5***********************5366,output_tokens,0.000009,66307
Wechat-8e63acca-c373-4e26-98eb-3c0cd4849fcc,2026-09-04T00:00:00+08:00,2026-09-05T00:00:00+08:00,deepseek-v4-flash,UDSH,sk-e85e5***********************5366,request_count,,209
Wechat-8e63acca-c373-4e26-98eb-3c0cd4849fcc,2026-09-04T00:00:00+08:00,2026-09-05T00:00:00+08:00,deepseek-v4-flash,UDSH,sk-e85e5***********************5366,input_cache_miss_tokens,0.000003,94973
Wechat-8e63acca-c373-4e26-98eb-3c0cd4849fcc,2026-09-04T00:00:00+08:00,2026-09-05T00:00:00+08:00,deepseek-v4-flash,UDSH,sk-e85e5***********************5366,input_cache_hit_tokens,0.0000001,3245440
Wechat-8e63acca-c373-4e26-98eb-3c0cd4849fcc,2026-09-05T00:00:00+08:00,2026-09-06T00:00:00+08:00,deepseek-v4-flash,UDSH,sk-e85e5***********************5366,input_cache_miss_tokens,0.0000015,241615
Wechat-8e63acca-c373-4e26-98eb-3c0cd4849fcc,2026-09-05T00:00:00+08:00,2026-09-06T00:00:00+08:00,deepseek-v4-flash,UDSH,sk-e85e5***********************5366,output_tokens,0.0000045,63417
Wechat-8e63acca-c373-4e26-98eb-3c0cd4849fcc,2026-09-05T00:00:00+08:00,2026-09-06T00:00:00+08:00,deepseek-v4-flash,UDSH,sk-e85e5***********************5366,request_count,,58
Wechat-8e63acca-c373-4e26-98eb-3c0cd4849fcc,2026-09-05T00:00:00+08:00,2026-09-06T00:00:00+08:00,deepseek-v4-flash,UDSH,sk-e85e5***********************5366,input_cache_hit_tokens,0.00000005,1955840
Wechat-8e63acca-c373-4e26-98eb-3c0cd4849fcc,2026-09-06T00:00:00+08:00,2026-09-07T00:00:00+08:00,deepseek-v4-flash-vision-exp,UDSH,sk-e85e5***********************5366,input_cache_miss_tokens,0.0000015,273595
Wechat-8e63acca-c373-4e26-98eb-3c0cd4849fcc,2026-09-06T00:00:00+08:00,2026-09-07T00:00:00+08:00,deepseek-v4-flash-vision-exp,UDSH,sk-e85e5***********************5366,output_tokens,0.0000045,70270
Wechat-8e63acca-c373-4e26-98eb-3c0cd4849fcc,2026-09-06T00:00:00+08:00,2026-09-07T00:00:00+08:00,deepseek-v4-flash-vision-exp,UDSH,sk-e85e5***********************5366,input_cache_hit_tokens,0.00000005,31213696
Wechat-8e63acca-c373-4e26-98eb-3c0cd4849fcc,2026-09-06T00:00:00+08:00,2026-09-07T00:00:00+08:00,deepseek-v4-flash-vision-exp,UDSH,sk-e85e5***********************5366,request_count,,110
Wechat-8e63acca-c373-4e26-98eb-3c0cd4849fcc,2026-09-06T00:00:00+08:00,2026-09-07T00:00:00+08:00,deepseek-v4-flash,UDSH,sk-e85e5***********************5366,request_count,,363
Wechat-8e63acca-c373-4e26-98eb-3c0cd4849fcc,2026-09-06T00:00:00+08:00,2026-09-07T00:00:00+08:00,deepseek-v4-flash,UDSH,sk-e85e5***********************5366,input_cache_miss_tokens,0.0000015,427614
Wechat-8e63acca-c373-4e26-98eb-3c0cd4849fcc,2026-09-06T00:00:00+08:00,2026-09-07T00:00:00+08:00,deepseek-v4-flash,UDSH,sk-e85e5***********************5366,output_tokens,0.0000045,290816
Wechat-8e63acca-c373-4e26-98eb-3c0cd4849fcc,2026-09-06T00:00:00+08:00,2026-09-07T00:00:00+08:00,deepseek-v4-flash,UDSH,sk-e85e5***********************5366,input_cache_hit_tokens,0.00000005,50581760
Wechat-8e63acca-c373-4e26-98eb-3c0cd4849fcc,2026-09-07T00:00:00+08:00,2026-09-08T00:00:00+08:00,deepseek-v4-flash-vision-exp,UDSH,sk-e85e5***********************5366,input_cache_miss_tokens,0.0000015,88543
Wechat-8e63acca-c373-4e26-98eb-3c0cd4849fcc,2026-09-07T00:00:00+08:00,2026-09-08T00:00:00+08:00,deepseek-v4-flash-vision-exp,UDSH,sk-e85e5***********************5366,input_cache_hit_tokens,0.00000005,164433536
Wechat-8e63acca-c373-4e26-98eb-3c0cd4849fcc,2026-09-07T00:00:00+08:00,2026-09-08T00:00:00+08:00,deepseek-v4-flash-vision-exp,UDSH,sk-e85e5***********************5366,request_count,,339
Wechat-8e63acca-c373-4e26-98eb-3c0cd4849fcc,2026-09-07T00:00:00+08:00,2026-09-08T00:00:00+08:00,deepseek-v4-flash-vision-exp,UDSH,sk-e85e5***********************5366,output_tokens,0.0000045,258907
Wechat-8e63acca-c373-4e26-98eb-3c0cd4849fcc,2026-09-07T00:00:00+08:00,2026-09-08T00:00:00+08:00,deepseek-v4-pro,UDSH,sk-e85e5***********************5366,request_count,,38
Wechat-8e63acca-c373-4e26-98eb-3c0cd4849fcc,2026-09-07T00:00:00+08:00,2026-09-08T00:00:00+08:00,deepseek-v4-pro,UDSH,sk-e85e5***********************5366,output_tokens,0.0000135,29792
Wechat-8e63acca-c373-4e26-98eb-3c0cd4849fcc,2026-09-07T00:00:00+08:00,2026-09-08T00:00:00+08:00,deepseek-v4-pro,UDSH,sk-e85e5***********************5366,input_cache_miss_tokens,0.0000045,643738
Wechat-8e63acca-c373-4e26-98eb-3c0cd4849fcc,2026-09-07T00:00:00+08:00,2026-09-08T00:00:00+08:00,deepseek-v4-pro,UDSH,sk-e85e5***********************5366,input_cache_hit_tokens,0.00000015,24172800
Wechat-8e63acca-c373-4e26-98eb-3c0cd4849fcc,2026-09-07T00:00:00+08:00,2026-09-08T00:00:00+08:00,deepseek-v4-flash,UDSH,sk-e85e5***********************5366,input_cache_hit_tokens,0.0000001,57797248
Wechat-8e63acca-c373-4e26-98eb-3c0cd4849fcc,2026-09-07T00:00:00+08:00,2026-09-08T00:00:00+08:00,deepseek-v4-flash,UDSH,sk-e85e5***********************5366,output_tokens,0.0000045,242926
Wechat-8e63acca-c373-4e26-98eb-3c0cd4849fcc,2026-09-07T00:00:00+08:00,2026-09-08T00:00:00+08:00,deepseek-v4-flash,UDSH,sk-e85e5***********************5366,output_tokens,0.000009,239673
Wechat-8e63acca-c373-4e26-98eb-3c0cd4849fcc,2026-09-07T00:00:00+08:00,2026-09-08T00:00:00+08:00,deepseek-v4-flash,UDSH,sk-e85e5***********************5366,input_cache_miss_tokens,0.000003,577166
Wechat-8e63acca-c373-4e26-98eb-3c0cd4849fcc,2026-09-07T00:00:00+08:00,2026-09-08T00:00:00+08:00,deepseek-v4-flash,UDSH,sk-e85e5***********************5366,input_cache_hit_tokens,0.00000005,96829568
Wechat-8e63acca-c373-4e26-98eb-3c0cd4849fcc,2026-09-07T00:00:00+08:00,2026-09-08T00:00:00+08:00,deepseek-v4-flash,UDSH,sk-e85e5***********************5366,request_count,,358
Wechat-8e63acca-c373-4e26-98eb-3c0cd4849fcc,2026-09-07T00:00:00+08:00,2026-09-08T00:00:00+08:00,deepseek-v4-flash,UDSH,sk-e85e5***********************5366,input_cache_miss_tokens,0.0000015,164883
Wechat-8e63acca-c373-4e26-98eb-3c0cd4849fcc,2026-09-08T00:00:00+08:00,2026-09-09T00:00:00+08:00,deepseek-v4-flash-vision-exp,UDSH,sk-e85e5***********************5366,input_cache_hit_tokens,0.00000005,240570752
Wechat-8e63acca-c373-4e26-98eb-3c0cd4849fcc,2026-09-08T00:00:00+08:00,2026-09-09T00:00:00+08:00,deepseek-v4-flash-vision-exp,UDSH,sk-e85e5***********************5366,input_cache_miss_tokens,0.0000015,1641476
Wechat-8e63acca-c373-4e26-98eb-3c0cd4849fcc,2026-09-08T00:00:00+08:00,2026-09-09T00:00:00+08:00,deepseek-v4-flash-vision-exp,UDSH,sk-e85e5***********************5366,output_tokens,0.0000045,279708
Wechat-8e63acca-c373-4e26-98eb-3c0cd4849fcc,2026-09-08T00:00:00+08:00,2026-09-09T00:00:00+08:00,deepseek-v4-flash-vision-exp,UDSH,sk-e85e5***********************5366,request_count,,620
Wechat-8e63acca-c373-4e26-98eb-3c0cd4849fcc,2026-09-08T00:00:00+08:00,2026-09-09T00:00:00+08:00,deepseek-v4-flash,UDSH,sk-e85e5***********************5366,input_cache_miss_tokens,0.0000015,426236
Wechat-8e63acca-c373-4e26-98eb-3c0cd4849fcc,2026-09-08T00:00:00+08:00,2026-09-09T00:00:00+08:00,deepseek-v4-flash,UDSH,sk-e85e5***********************5366,request_count,,145
Wechat-8e63acca-c373-4e26-98eb-3c0cd4849fcc,2026-09-08T00:00:00+08:00,2026-09-09T00:00:00+08:00,deepseek-v4-flash,UDSH,sk-e85e5***********************5366,output_tokens,0.0000045,188421
Wechat-8e63acca-c373-4e26-98eb-3c0cd4849fcc,2026-09-08T00:00:00+08:00,2026-09-09T00:00:00+08:00,deepseek-v4-flash,UDSH,sk-e85e5***********************5366,input_cache_hit_tokens,0.00000005,11537792
Wechat-8e63acca-c373-4e26-98eb-3c0cd4849fcc,2026-09-09T00:00:00+08:00,2026-09-10T00:00:00+08:00,deepseek-v4-flash-vision-exp,UDSH,sk-e85e5***********************5366,input_cache_hit_tokens,0.00000005,16971264
Wechat-8e63acca-c373-4e26-98eb-3c0cd4849fcc,2026-09-09T00:00:00+08:00,2026-09-10T00:00:00+08:00,deepseek-v4-flash-vision-exp,UDSH,sk-e85e5***********************5366,input_cache_hit_tokens,0.0000001,1169536
Wechat-8e63acca-c373-4e26-98eb-3c0cd4849fcc,2026-09-09T00:00:00+08:00,2026-09-10T00:00:00+08:00,deepseek-v4-flash-vision-exp,UDSH,sk-e85e5***********************5366,input_cache_miss_tokens,0.000003,651
Wechat-8e63acca-c373-4e26-98eb-3c0cd4849fcc,2026-09-09T00:00:00+08:00,2026-09-10T00:00:00+08:00,deepseek-v4-flash-vision-exp,UDSH,sk-e85e5***********************5366,request_count,,49
Wechat-8e63acca-c373-4e26-98eb-3c0cd4849fcc,2026-09-09T00:00:00+08:00,2026-09-10T00:00:00+08:00,deepseek-v4-flash-vision-exp,UDSH,sk-e85e5***********************5366,output_tokens,0.000009,957
Wechat-8e63acca-c373-4e26-98eb-3c0cd4849fcc,2026-09-09T00:00:00+08:00,2026-09-10T00:00:00+08:00,deepseek-v4-flash-vision-exp,UDSH,sk-e85e5***********************5366,input_cache_miss_tokens,0.0000015,17362
Wechat-8e63acca-c373-4e26-98eb-3c0cd4849fcc,2026-09-09T00:00:00+08:00,2026-09-10T00:00:00+08:00,deepseek-v4-flash-vision-exp,UDSH,sk-e85e5***********************5366,output_tokens,0.0000045,27088
Wechat-8e63acca-c373-4e26-98eb-3c0cd4849fcc,2026-09-09T00:00:00+08:00,2026-09-10T00:00:00+08:00,deepseek-v4-flash,Cherry,sk-5a513***********************37fc,input_cache_miss_tokens,0.000003,81
Wechat-8e63acca-c373-4e26-98eb-3c0cd4849fcc,2026-09-09T00:00:00+08:00,2026-09-10T00:00:00+08:00,deepseek-v4-flash,Cherry,sk-5a513***********************37fc,output_tokens,0.0000045,387
Wechat-8e63acca-c373-4e26-98eb-3c0cd4849fcc,2026-09-09T00:00:00+08:00,2026-09-10T00:00:00+08:00,deepseek-v4-flash,Cherry,sk-5a513***********************37fc,input_cache_hit_tokens,0.00000005,256
Wechat-8e63acca-c373-4e26-98eb-3c0cd4849fcc,2026-09-09T00:00:00+08:00,2026-09-10T00:00:00+08:00,deepseek-v4-flash,Cherry,sk-5a513***********************37fc,input_cache_miss_tokens,0.0000015,305
Wechat-8e63acca-c373-4e26-98eb-3c0cd4849fcc,2026-09-09T00:00:00+08:00,2026-09-10T00:00:00+08:00,deepseek-v4-flash,Cherry,sk-5a513***********************37fc,request_count,,5
Wechat-8e63acca-c373-4e26-98eb-3c0cd4849fcc,2026-09-09T00:00:00+08:00,2026-09-10T00:00:00+08:00,deepseek-v4-flash,Cherry,sk-5a513***********************37fc,output_tokens,0.000009,4
Wechat-8e63acca-c373-4e26-98eb-3c0cd4849fcc,2026-09-10T00:00:00+08:00,2026-09-11T00:00:00+08:00,deepseek-flash,UDSH,sk-e85e5***********************5366,input_cache_miss_tokens,0.000001,952899
Wechat-8e63acca-c373-4e26-98eb-3c0cd4849fcc,2026-09-10T00:00:00+08:00,2026-09-11T00:00:00+08:00,deepseek-flash,UDSH,sk-e85e5***********************5366,output_tokens,0.000004,223151
Wechat-8e63acca-c373-4e26-98eb-3c0cd4849fcc,2026-09-10T00:00:00+08:00,2026-09-11T00:00:00+08:00,deepseek-flash,UDSH,sk-e85e5***********************5366,input_cache_hit_tokens,0.00000002,145213824
Wechat-8e63acca-c373-4e26-98eb-3c0cd4849fcc,2026-09-10T00:00:00+08:00,2026-09-11T00:00:00+08:00,deepseek-flash,UDSH,sk-e85e5***********************5366,request_count,,344
Wechat-8e63acca-c373-4e26-98eb-3c0cd4849fcc,2026-09-10T00:00:00+08:00,2026-09-11T00:00:00+08:00,deepseek-v4-pro,UDSH,sk-e85e5***********************5366,output_tokens,0.0000135,18797
Wechat-8e63acca-c373-4e26-98eb-3c0cd4849fcc,2026-09-10T00:00:00+08:00,2026-09-11T00:00:00+08:00,deepseek-v4-pro,UDSH,sk-e85e5***********************5366,input_cache_miss_tokens,0.0000045,422042
Wechat-8e63acca-c373-4e26-98eb-3c0cd4849fcc,2026-09-10T00:00:00+08:00,2026-09-11T00:00:00+08:00,deepseek-v4-pro,UDSH,sk-e85e5***********************5366,input_cache_hit_tokens,0.00000015,15873280
Wechat-8e63acca-c373-4e26-98eb-3c0cd4849fcc,2026-09-10T00:00:00+08:00,2026-09-11T00:00:00+08:00,deepseek-v4-pro,UDSH,sk-e85e5***********************5366,request_count,,49
Wechat-8e63acca-c373-4e26-98eb-3c0cd4849fcc,2026-09-11T00:00:00+08:00,2026-09-12T00:00:00+08:00,deepseek-flash,UDSH,sk-e85e5***********************5366,output_tokens,0.000004,74133
Wechat-8e63acca-c373-4e26-98eb-3c0cd4849fcc,2026-09-11T00:00:00+08:00,2026-09-12T00:00:00+08:00,deepseek-flash,UDSH,sk-e85e5***********************5366,request_count,,91
Wechat-8e63acca-c373-4e26-98eb-3c0cd4849fcc,2026-09-11T00:00:00+08:00,2026-09-12T00:00:00+08:00,deepseek-flash,UDSH,sk-e85e5***********************5366,input_cache_miss_tokens,0.000001,50528
Wechat-8e63acca-c373-4e26-98eb-3c0cd4849fcc,2026-09-11T00:00:00+08:00,2026-09-12T00:00:00+08:00,deepseek-flash,UDSH,sk-e85e5***********************5366,input_cache_hit_tokens,0.00000002,63964672
