No,Category,Guideline,Description,Do,Don't,Code Good,Code Bad,Severity,Docs URL,Applies To,Status,Verified At
1,Shape,圆角必须为 0,EPIC 绘制单元的 FILL/BORDER 分支里 radius!=0 会直接 return 0 并回退 CPU 软光栅（掩码+混合）,所有卡片/按钮/容器的 radius 都设 0,不要照搬上游 Bento Box Grid 的 rounded-xl(16px) 圆角,"lv_obj_set_style_radius(card, 0, 0);","lv_obj_set_style_radius(card, 14, 0);",critical,app/phywear/skills/phywear-lvgl-ui.md,all,verified,2026-09-16 真机 A/B：半径 14→0 的 fps 无变化；机制由 EPIC 源码判据确认
2,Color,暗色底 + 高对比前景,AMOLED 近黑省电；色值取上游 colors.csv 的角色色并转 RGB565,用 colors.csv 里 Product Type 对应的 Background/Foreground/Card；正文对底 ≥4.5:1,不要自创色值；不要用大面积浅色底,"lv_obj_set_style_bg_color(obj, PW_COL_BG, 0);","lv_obj_set_style_bg_color(obj, lv_color_hex(0xFFFFFF), 0);",high,third_party/ui-ux-pro-max/data/colors.csv,all,verified,2026-09-16 导入器对 colors.csv 192 行完成 RGB565 与对比度换算
3,Gradient,只允许 2 段且方向 HOR/VER,EPIC 的 FILL 分支只接受 2-stop 且方向为 HOR/VER 的渐变，其余回退 CPU,确需渐变时 stops_count=2 且方向 HOR 或 VER,不要用对角/多段/网格渐变,"lv_obj_set_style_bg_grad_dir(obj, LV_GRAD_DIR_VER, 0);","lv_obj_set_style_bg_grad_dir(obj, LV_GRAD_DIR_HOR_VER, 0);",medium,app/phywear/skills/phywear-lvgl-ui.md,all,verified,2026-09-16 代码判据（lv_draw_sifli_epic.c 的 FILL 分支）
4,Effects,禁用阴影与模糊,阴影缓存为 0 且属 SW 复杂路径；模糊本板无硬件支持,用留白、明度分层、1px 分隔线表达层级,不要用 box-shadow / backdrop blur,"lv_obj_set_style_border_width(obj, 1, 0);","lv_obj_set_style_shadow_width(obj, 8, 0);",high,apps/graphics/lvgl/lv_conf.h,all,verified,2026-09-16 LV_DRAW_SW_SHADOW_CACHE_SIZE=0 与代码判据
5,Motion,禁用 transform 缩放/旋转,EPIC 对 IMAGE 的 has_transform（rotation/scale）有条件回退，transform 本身走 SW 变换路径,动效只改几何（x/y/width/height）或不透明度,不要用 transform_scale / transform_rotation 做动画,"lv_anim_set_exec_cb(&a, (lv_anim_exec_xcb_t)lv_obj_set_y);","lv_obj_set_style_transform_scale(obj, 260, 0);",high,app/phywear/skills/phywear-lvgl-ui.md,all,verified,2026-09-16 代码判据（EPIC IMAGE 分支）
6,Image,图片只走普通混合且不变换,EPIC IMAGE 分支拒绝 recolor、clip_radius、blend_mode!=NORMAL，以及 RGB565A8 的变换,图片保持 NORMAL 混合、无 recolor、不做圆角裁剪,不要给图片加 recolor / 圆角裁剪 / 旋转,"lv_image_set_blend_mode(img, LV_BLEND_MODE_NORMAL);","lv_obj_set_style_image_recolor_opa(img, LV_OPA_50, 0);",medium,app/phywear/skills/phywear-lvgl-ui.md,all,verified,2026-09-16 代码判据（EPIC IMAGE 分支）
7,Typography,只用本板 5 个位图子集字号,字体是 DroidSansFallback 子集 + Montserrat 数字；新增中文必须重生成字体，否则真机显示缺字方框,层级用 pw_font_14/16/20/24/28 表达；加中文后跑 gen_fonts.sh,不要照搬上游 Google Fonts 字体名与 CSS Import,"lv_obj_set_style_text_font(lab, PW_FNT_MED, 0);","lv_obj_set_style_text_font(lab, &lv_font_montserrat_48, 0);",critical,tools/phywear/gen_fonts.sh,all,verified,2026-09-15 真机验证：重生成后 543→572 字形，中文正常
8,Motion,动效用查表曲线，不做 PID,曲线形状固定、每秒被算几百次；离线采样存 flash，运行时索引+线性插值,用 pw_motion_path_spring 替换 lv_anim_path_linear；单次 ≤320ms、不循环,不要每帧调 expf/sinf；不要写 PID 迭代去调弹性,"lv_anim_set_path_cb(&a, pw_motion_path_spring);","lv_anim_set_path_cb(&a, lv_anim_path_overshoot);",medium,app/phywear/pw_motion.c,all,verified,2026-09-16 真机 motionbench：查表 151.25 ns vs 解析 2088.40 ns（×13.8）
9,Layout,固定 390x450 单分辨率,上游 Bento 的跨列/跨行概念可用（尺寸差异），但圆角、阴影、悬浮缩放一律去掉,用不同 width/height 的直角卡片拼贴；靠留白与明度分层,不要写响应式断点或多分辨率适配,"lv_obj_set_size(card, 190, 90);",@media (min-width: 768px) { },medium,third_party/ui-ux-pro-max/data/styles.csv,all,needs-verify,-
10,Performance,图形 10-15 Hz、数值可高频,面板帧率规格 60Hz 且无帧率控制寄存器；数据连续变化态本队实测 48-49 FPS（约上限 82%）,画布类（曲线/频谱/轨迹）限 10-15 Hz；数值标签可 50 Hz,不要 50 Hz 重绘整块画布,"if ((n % 5) == 0) pw_graph_set_data(g, x, y, n);","每拍调用 pw_graph_set_data(g, x, y, n);",high,docs/11_面板时序与VSYNC方案_待批.md,charts,verified,2026-09-16 lvbench 全场景 39 FPS、轻负载上限 56-63 FPS、面板 VFR=60Hz（CO5300AF-01 手册）
11,Touch,触控目标 >= 44x44,来自上游 ux-guidelines；本板 390x450 手指操作,按钮/可点区域至少 44x44 px，命中区可大于视觉区,不要把可点区域做成 20x20 的小图标,"lv_obj_set_size(btn, 96, 44);","lv_obj_set_size(btn, 20, 20);",high,third_party/ui-ux-pro-max/data/ux-guidelines.csv,all,needs-verify,-
12,Feedback,超过 300ms 的操作必须有进度反馈,来自上游 ux-guidelines；本板标定/扫描类操作耗时明显,用样本计数、进度条或状态字（如「姿态对准中」）反馈,不要静默等待，也不要假装成功,"lv_label_set_text_fmt(prog, ""%d"", n);",while (busy) { },high,third_party/ui-ux-pro-max/data/ux-guidelines.csv,all,verified,2026-09-16 本仓既有约定（零偏/六面/磁/轨迹页均如此）
13,Reasoning,按页面类型选风格,上游 ui-reasoning.csv 的 UI_Category → Recommended_Pattern / Style_Priority 可映射到本仓页面类型,读数页→Data-Dense/Real-Time Monitoring；入口页→Bento（直角化）；向导页→Flat Design + 进度点,不要一屏混用多种强调色,-,-,medium,third_party/ui-ux-pro-max/data/ui-reasoning.csv,all,needs-verify,-
14,Style,可采纳的低负载风格（上游实名）,按上游 Performance 字段筛出 cost:low，且效果不依赖阴影/圆角/变换的那些,Flat Design（无渐变无阴影）、Brutalism（sharp corners 0px）、Data-Dense Dashboard、Real-Time Monitoring、Minimal & Direct,不要采纳 Neumorphism/Glassmorphism/3D/Claymorphism/Liquid Glass,-,-,medium,third_party/ui-ux-pro-max/data/styles.csv,all,verified,2026-09-16 导入器按 Performance+Effects+Complexity 判定：88 条中 cost:low 62 条
